qq,"SEOMERCE, LLC",support@seorney.com,How Does A Shopify Store Attract 100's of New Sales Per Day?​,2019-01-08,"How Does A Shopify Store Attract 100's of New Sales Per Day?​

How Does A Shopify Store Attract 100's of New Sales Per Day?​

Are you wondering how you can get 100’s of new sales & visitors, and skyrocket the number of customers you make from your Shopify store?

One of our long-time clients, Barista Swag does exactly that by working with SEOMERCE. In fact, Barista Swag has seen a 306% increase in https://seomerce.com/shopify-seo-experts/#pricing visitors and 896% increase in sales from SEO in only a few short months. https://seomerce.com/shopify-seo-experts/#pricing

Don’t take our word! Here's a challenge, do a quick Google search, you’ll find Barista Swag ranking in the top spots for milk pitcher #. https://seomerce.com/shopify-seo-experts/  https://seomerce.com/shopify-seo-experts/#pricingawesome keychains https://seomerce.com/shopify-seo-experts/,  https://seomerce.com/shopify-seo-experts/#pricingmilk steaming pitcher https://seomerce.com/shopify-seo-experts/,  https://seomerce.com/shopify-seo-experts/#pricinglatte art pitcher https://seomerce.com/shopify-seo-experts/,  https://seomerce.com/shopify-seo-experts/#pricingbarista gear https://seomerce.com/shopify-seo-experts/

And thousands of sales-driven keywords… Netting over 40,000 searches and 1,000’s of visitors to their Shopify store every single month without fail in the USA alone. Over the last while, we’ve done similar work, and we’ve achieved similar results for 100’s of clients worldwide. https://seomerce.com/shopify-seo-experts/ Here are a few of the recent clients we've helped;

Learn how we can 2x your Search Traffic & Sales with a FREE SEO Audit & Roadmap. We will identify your current SEO issues and how we can help you grow.

FREE SEO ROADMAP https://seomerce.com/shopify-seo-experts/

If you are not interested, please unsubscribe below. This is an advertisement from SEOMERCE, LLC and complies with ICAN Laws.

SEOMERCE, LLC

1900 Market Street, Philadelphia, PA 19142 

Unsubscribe https://u8407807.ct.sendgrid.net/asm/unsubscribe/global/?user_id=8407807&data=NoHLjEPmFyPySD6PJp0WmeZE7Y9tsZqYzEYq2ocKOOdZNk9EgdFbvLkltDEEFZi0i9Wz_geJhK8ZYpKXjPone3sCV8kvmhXt9Oyp3W41EryuTM0nRYaKHApXkXHisKWJRWXZyv7QeePeLRMyNEpGjg7eTc6aRk3PXt9xXed3Lhm6AfJXMBbkpwL_mXNdszx010deddD2X6MacVwsfc2LgJBZdP2l6n8OP3aHufW6FFpV3mkJ9E0cegFVGxfyXePJt0BDdjue7T0HnOtdSIz0OAQe-T76QqgzXYIanb3zWrbtiPCKV3eL57n3jsjgZrV9L8WZCODNTo29DDhj8FfJTodDnWPDJ_-Z_zxfl0nv5GH8gb5p6h6IYjsOOKIWYtdBrL38KGjiqjbIYwRzdtkKQfXhvzry1fIdhaFLW5684qRYor4FYHVLXrFQW_fpKpsXLf6lHYOmPGi07GpqV0PJQw9q3PRMB3PWj4tog4tTHHk2nlRvNwrIbGKXMDyPThdRBGn7UhK7iwvnNPrwmyyYHb9XFVuyp-yPhdwDW7PWIIo_9IUd5V_g6pRI2QzbEGlJS7xzTBxarH9atn7cIQnoIJG1Pd4VN6i3w8_bOtbFfLe1cZ5Mew-ElagDnPXZfI7Z - Unsubscribe Preferences https://u8407807.ct.sendgrid.net/asm/?user_id=8407807&data=CBcXqFxY9-j-z9ma3cd89ZeJQJ6rjJ7o_vcz7mVwbuOq29oEBkCmUIjk-6KHBZGHYxv6t2Yz76KP7zZt1ghSSIDr5EPEgNXc9uetM7rozW3TUyRv6Kfljyk5y-T2gCGitn9xN-jRl9lauTxf2ImoeAejCa4sQXa_BcaZO7UyvwTzP4F2PP3rHWNOte168OoDCt-rfn6mM9tpcvzUM_9l9b-XcdXXRFb87fvf3QIIQd_Sz69suVVZYTDTnVQfG1cA_MfVkJtX_odpW0ma1ta_1JIh-pN9J7cOdAtB4A28djiBl88lBvTvzaeRYIAh3PMw-FcgrxjLmHoYOetI-Qmby1WWXFsKYrAOsgGet2C8w97pDihH9xW16lHnfm9umQzhHGEeoDqJ0RKlIMxiw4I7wCNUM01hIUOJr5f7RmuV4FImbr41WZ-xA48xvG7FVAfKFBdLjvsD-JNKnlDIsVxU0pNNA3_7BqNcZijy3eYadoUJVg9h_Au2GPXowYHDJG3BwgkMpPvh3v-zURS6eWOro2yuFC75bBHF8rdfzAjYMu80yTdggjB1Du5QE_IG2hICPDsV0_B6KXGvzbly9BpLncFFl2my9FyfyRjUzs5uOog="
qq,"SEOMERCE, LLC",support@seorney.com,Hire Shopify SEO Experts ,2018-12-28,"Drive More Traffic & Sales To Your Shopify Stores

Drive More Traffic & Sales To Your Shopify Stores

Want more sales and traffic? Having trouble ranking for keywords? SEO seems confusing and/or want it completely outsourced? or do you want to grow your store to new heights? These are common pains a lot of Shopify owners seems to be having and there hasn't been a viable solution to these problems. 

""I was struggling to drive more traffic to my store. It was almost as if I was ""stuck"" and couldn't grow further"" - Samantha, CA 

The problem is, stores forget the power of SEO and how to leverage Google, Yahoo, and Bing to drive sales to their stores. https://seomerce.com/shopify-seo-experts/Everyone is focused on ""Facebook ads"" and growing their page, but forget about the thousands of potential customers browsing Google search engines. Majority of stores have zero optimization, killing their organic growth and losing out on thousands of dollars sitting on the table.

Your average store owner doesn't care about SEO or AdWords and often ignored. However, once they do learn about its potential, they fail to optimize correctly and eventually give up. They failed to realize their competitors are milking the advantages Google has to offer. 

""I knew nothing about SEO and was trying very hard to rank my site, but nothing seemed to happen. I was miserable because I knew I was losing money "" - Rick, WV

Welcome SEOMERCE, an Ecommerce-Driven SEO agency https://seomerce.com/shopify-seo-experts/#pricingthat has helped 100's of Shopify store owners grow their organic traffic due to strategies tailored just for Shopify stores. With our expertise, you will get strategies unknown to your competitors that will help you rank for keywords that will attract more search buyers to your products and services. https://seomerce.com/shopify-seo-experts/

""Thanks to SEOMERCE, I was able to grow my fashion business that was stagnating in growth to nearly 100% increase in new revenue on the monthly basis. They really helped me grow!"" Amber, NYC 

Learn how we can 2x your Search Traffic & Sales with a FREE SEO Audit & Roadmap. We will identify your current SEO issues and how we can help you grow.

FREE AUDIT & SEO ROADMAP https://seomerce.com/shopify-seo-experts/

If you are not interested, please unsubscribe below. This is an advertisement from SEOMERCE, LLC and complies with ICAN Laws.

SEOMERCE, LLC

1900 Market Street, Philadelphia, PA 19142 

Unsubscribe https://u8407807.ct.sendgrid.net/asm/unsubscribe/global/?user_id=8407807&data=ZoXq27NT-_3huxKaDa_tskel0oSp86evmD2_69K5f2901KogxbRQdkemQAnT031sVX3I8gAoo33Iknl__QxQPdzBGqrFbv4cY6RbkqPZdRoap-69Z1cP_5Wu8rJERZUsZJ7BHsc8gcStIrpg8Uj9Z0nSg1KHIlwS23qKbFIkB6wdtQYeNNXkCGlnSk2K4CfM994_LOra7lEt0kRBz4GdJVPkNUGFxOcPWrq8HUyqP7nH4QmCqZ0fj6MyN9rfA3afswYJOyD6BnrJvVLHbG2t4SLe2oL6qdcb1Us8UjQW2sKFos_BGK206nf_kqeg_T7aEiwl3rF1RjK4PAJsR5U66931rZQ1lEpihrK2ECheyRqACQtFURm5YLI83aGqIaRDYbHCOKZ0W2KRcTGxBpeos1nhAq3RLH8hM2Y3-RAUOE5Uvm0jxSgCjTKNjzXSvZP5_-gzqDxicWZn6Gblw0nagZzaHIsbZqESMicd5JzXsBkfnsIsxA45w-1VhggDfPzl2ocalffiDCVD9sxvq6gzeM_xT43bKlCLeVbYYLBCOsTPGmN-askNtVnaNo4XjPKt_Fq7ahdGNb77Yrr7ckD0p4geJLRc2D5-dY_lxfKYPtM= - Unsubscribe Preferences https://u8407807.ct.sendgrid.net/asm/?user_id=8407807&data=i4gSj0qdosuWun-BaQ46Wc7BoSS2xx1OG22szGbLolvpiMTxNZ3PJmYwgIE_EVQ63HlA4i0b7CBGpbNs5jLgE8SiIev5lC-I2s6uQDEBzl9cXi3F2NhEj7dNuot23pseXrNxh4s4v_vRITe8Cze44R41bzHihrpQ5NMW8QqvkPrkste8Wrj8ZumETiERRb37K-v1-jWhhRVSTjus7myn8g1tfKeaDovy6UHYR2rshVE7mJOv6U25f6yV-DRJiB5SJCkuPZjLodtvnCp9abtSeH5rgfr4EwTRlo63AkQpCQyMN9H6nNQMe9JclskF_7xXRFhGi_2arBSB4RONIFSMrYBuoDW83zKINK7GEN5W69BAWQk4UsCQN-Ct5t-WUToS26T0n3d_04qb7-Cv9nFYgFGscoAl0e2lVFsEmLkhaf5iBw2I9NrbsnL-0biL88BB44rZPmIGS-zbb1NmygOAibY7CULhGsjgYgxQ-bEOCLZijiccBjNYMe0deSlnB542LkZgwAAxHQP_mtrgwxUmh8G0cEyQ6oQU-VGpEMI-EhUdTfeG_3Ps6tmnioDvhClK6rTSccmJEUYBo-mPiOhuEA=="
qq,Shanu Pathak,shanu.pathak@aol.com,Proposal for SEO & SMO Service.......,2018-12-26,"Hello,

 

Hope you are well!!

 

I am Shanu with an SEO company based in India that has helped over 200
businesses rank on the 1st Page of GOOGLE for even the most competitive
Industries.

 

Our Steps and the Activities:-

 

1.         Keywords Research

2.         Competition Analysis

3.         Optimized Content Creation

4.         Keywords Optimization

5.         Back Link Creation by White Hat Ethical Technique

6.         Submission to Search Engines and Directories

7.         Submission to Article Directories

 

We are a team of 100+ professionals which includes 100 full time SEO
experts. We are proud to inform you that our team handled 400+ SEO projects.

 

Let me know if you are interested.then I can send you our price list.

 


Kind Regard

Shanu  

Online Marketing Consultant [INDIA]  

 

"
qq,"SEOMERCE, LLC",support@seorney.com,Hire Shopify SEO Experts ,2018-12-18,"Drive More Traffic & Sales To Your Shopify Stores

Drive More Traffic & Sales To Your Shopify Stores

Want more sales and traffic? Having trouble ranking for keywords? SEO seems confusing and/or want it completely outsourced? or do you want to grow your store to new heights? These are common pains a lot of Shopify owners seems to be having and there hasn't been a viable solution to these problems. 

""I was struggling to drive more traffic to my store. It was almost as if I was ""stuck"" and couldn't grow further"" - Samantha, CA 

The problem is, stores forget the power of SEO and how to leverage Google, Yahoo, and Bing to drive sales to their stores. https://seomerce.com/shopify-seo-experts/Everyone is focused on ""Facebook ads"" and growing their page, but forget about the thousands of potential customers browsing Google search engines. Majority of stores have zero optimization, killing their organic growth and losing out on thousands of dollars sitting on the table.

Your average store owner doesn't care about SEO or AdWords and often ignored. However, once they do learn about its potential, they fail to optimize correctly and eventually give up. They failed to realize their competitors are milking the advantages Google has to offer. 

""I knew nothing about SEO and was trying very hard to rank my site, but nothing seemed to happen. I was miserable because I knew I was losing money "" - Rick, WV

Welcome SEOMERCE, an Ecommerce-Driven SEO agency https://seomerce.com/shopify-seo-experts/#pricingthat has helped 100's of Shopify store owners grow their organic traffic due to strategies tailored just for Shopify stores. With our expertise, you will get strategies unknown to your competitors that will help you rank for keywords that will attract more search buyers to your products and services. https://seomerce.com/shopify-seo-experts/

""Thanks to SEOMERCE, I was able to grow my fashion business that was stagnating in growth to nearly 100% increase in new revenue on the monthly basis. They really helped me grow!"" Amber, NYC 

Learn how we can 2x your Search Traffic & Sales with a FREE SEO Audit & Roadmap. We will identify your current SEO issues and how we can help you grow.

FREE AUDIT & SEO ROADMAP https://seomerce.com/shopify-seo-experts/

If you are not interested, please unsubscribe below. This is an advertisement from SEOMERCE, LLC and complies with ICAN Laws.

SEOMERCE, LLC

1900 Market Street, Philadelphia, PA 19142 

Unsubscribe https://u8407807.ct.sendgrid.net/asm/unsubscribe/global/?user_id=8407807&data=_PkUAhTvwfb7zuPYKJWOYJl2rXCDP8WaMmn83HoUR1gwqOUEuZQOx9S2hSCCtaBD1enZWOPJC8y2GY5CpWwmqtVKmaqLxNSsq3nHRX6MYvGPPiKQFhwF7dXm1NmQ_77P05-CFoINVF6MkB0MU26ayhgYT47nC8CRjyQMvFTnBmdz2nDXyIKGSlnlg7rvhGyzb4ZulHk0tnqtcYxinGsaQZO-E9IkUXScFVruhBlUHq9MgpWwc4Y7TMG-w_Rmc1PzuKIOy1bbBW-TYUdc7rOgaK1en39dRQsIVeRbcHt-VzqNqtIQCBAiX14lg8k-tGC8kjUx0Suj4n2KDtNBO9KeA3oYSRmltzL2P0O_mipaq_uI2P3ix257_fkT5eQmGkGctLOJRm7UgwU3kcIJv-KImfNV6pGsue90lnct-JAXoiFLZwDodRFiss_E5UoZdPTn7qhqXv1W7WtWnMiOkVBM9lD-epet6sBRaPfoFe0D9iW_Fd_Kq4iJl0dzIoF7dfaRd6KFj-je3JKQmj5Q13pc71f55vpEoi--Aq__VGZpD1tCaQ7qMF5gxDDRSJavva_yKJpS-R0iCKOXQhLYLyJDcf_4gOzZyeyYxZckBFcYl4k= - Unsubscribe Preferences https://u8407807.ct.sendgrid.net/asm/?user_id=8407807&data=m67IuL7SPbuSiZ403PgWsu0gptU7ovLxYkv-2r2YIMWW6ifhpNLML47IX78GUW5e-8mTd3aHjTrY9v_YFR_FAq8FUUz3ccn2n1J-hnSXYPX904vWYIIOB8bLxpN4AP3XT2zrpzqSsXZZu7xJBNRdtlF3lQCmzYp1OH_WpjNJa8TFT7iRZnMBNu8G0Yrtt3D5qe2HHXUW4O7RmQyC_SYjNZcAZuQIj6zkr8LT_dbBucwBYPKKpOjLMXRLlbHSsbEvYbVzP8GVKo9CuSw2F-tGf9medHxlb9o22HoTLjJ1Zm8Mt51hMMWhxV2zJdTuW311JtWNqGqneKa9uYfgP-wEeLLUcndGe1hDeTRtAN8WdivIGPoxy4svQIok9aT5qrn4rrohSzwsBLLgQN9WR-A595sxt36mB_Ujrf-ueXqIHB9JIGz2jL5B1a5TsnbI_ykzHDMHAOwwzCjqGZK85gWAtj8JFxpkRCNT2MfU5xBbE35fgZTyGmDq-P_4SbYvSnFCo64gXk_-HkM765NqkymIX83pCAwGP3fqG4cy40OlyH5noq8a5cBETvSbZSMwini3YPiUY8wUgoBgR9kRBj-21w=="
qq,Shopify Festival Decorations,info@bc3.meggpost.com,❤️,2018-12-17,"Most popular Shopify App to add decorations to Stores
Christmas and New YearÂ
Decorations to Shopify
http://bc3.meggpost.com/index.php/campaigns/bl0938v5x6302/track-url/vw2121h36a61a/974913f131abd07e9de21cca879f4ebaa8da32ad
Â
Hi,
Add Christmas and New Year decorations to your Shopify store and make
it a lively place to shoppers during this festival time.
Our app usage is completely free.
Festival Decorations: Free Shopify App
http://bc3.meggpost.com/index.php/campaigns/bl0938v5x6302/track-url/vw2121h36a61a/974913f131abd07e9de21cca879f4ebaa8da32ad
If you do not want to receive our email again, click to unsubscribe
http://bc3.meggpost.com/index.php/campaigns/bl0938v5x6302/track-url/vw2121h36a61a/a7337c7f0cc204de29156f4f5fb5f535f61e5c67.
"
qq,"SEOMERCE, LLC",support@seorney.com,Hire Shopify SEO Experts ,2018-12-13,"Drive More Traffic & Sales To Your Shopify Stores

Drive More Traffic & Sales To Your Shopify Stores

Want more sales and traffic? Having trouble ranking for keywords? SEO seems confusing and/or want it completely outsourced? or do you want to grow your store to new heights? These are common pains a lot of Shopify owners seems to be having and there hasn't been a viable solution to these problems. 

""I was struggling to drive more traffic to my store. It was almost as if I was ""stuck"" and couldn't grow further"" - Samantha, CA 

The problem is, stores forget the power of SEO and how to leverage Google, Yahoo, and Bing to drive sales to their stores. https://seomerce.com/shopify-seo-experts/Everyone is focused on ""Facebook ads"" and growing their page, but forget about the thousands of potential customers browsing Google search engines. Majority of stores have zero optimization, killing their organic growth and losing out on thousands of dollars sitting on the table.

Your average store owner doesn't care about SEO or AdWords and often ignored. However, once they do learn about its potential, they fail to optimize correctly and eventually give up. They failed to realize their competitors are milking the advantages Google has to offer. 

""I knew nothing about SEO and was trying very hard to rank my site, but nothing seemed to happen. I was miserable because I knew I was losing money "" - Rick, WV

Welcome SEOMERCE, an Ecommerce-Driven SEO agency https://seomerce.com/shopify-seo-experts/#pricingthat has helped 100's of Shopify store owners grow their organic traffic due to strategies tailored just for Shopify stores. With our expertise, you will get strategies unknown to your competitors that will help you rank for keywords that will attract more search buyers to your products and services. https://seomerce.com/shopify-seo-experts/

""Thanks to SEOMERCE, I was able to grow my fashion business that was stagnating in growth to nearly 100% increase in new revenue on the monthly basis. They really helped me grow!"" Amber, NYC 

Learn how we can 2x your Search Traffic & Sales with a FREE SEO Audit & Roadmap. We will identify your current SEO issues and how we can help you grow.

FREE AUDIT & SEO ROADMAP https://seomerce.com/shopify-seo-experts/

If you are not interested, please unsubscribe below. This is an advertisement from SEOMERCE, LLC and complies with ICAN Laws.

SEOMERCE, LLC

1900 Market Street, Philadelphia, PA 19142 

Unsubscribe https://u8407807.ct.sendgrid.net/asm/unsubscribe/global/?user_id=8407807&data=GIQIC0i9azrbJR4xUt5Z-d58GfVxZ2b1qOT8wGhg7Bt5TSOU5jLm98MabJJuuO3GA3d5gQNNt_z9iI61oe59lLoYckIFNyGWoAQyy5WxtwfM1gpMDJn96tcdwLxg_sj6YFpkj4qFdQJkfZXkDM_JvIl_Ne9xnQEnrPn5Y0gUu2I6rZsuZi5mm5t1g3tvwlUHOcgTGQ7RIzXOiTIKK5g15CJgG9KV1F4ShAESGy-PFdVb-QaikhUdtKuTVarS-neb4ejXfwzPsKxyARwEyGcy761kHV3-AGox7uw52DSq-dg6TtLwj0yq2k1Q8HNSzJ5ThfSQ9AsPZbCSgkcV72uyzkcCkc3t0h4MJWVnDmj2I3Vtb1OM42_TNDg2XWxgRgbAtTqPhOX3K7vtQGyq4Zm_i87e_-2hrUp_966UYmJL_73dDn25Z-8iMUdr1GBGo5FIHqHQ-Q-Gls2P1hKYtJN0ynHWXQeZP0pYJY0y48d8MMEyvtcUaP1bNnY4Y8PP9vSmTU9PsYKdbrhV3LoFN8ZXvkgZ8bhNgPElfI3TUN2KsAUbMqA-u6lNEdRQOQWNxnot - Unsubscribe Preferences https://u8407807.ct.sendgrid.net/asm/?user_id=8407807&data=KXeZQYQDRbmsRDVQp024H6hZDYk9-PpxMlO2OzXTaiiXLpAhrNe-XB4iZpVXEHjcXClUJvD_vc1IA1e0d5LCBYi9J2mPmFSIm77unvd3_nPouCC6DfpT9Yg1ACebrpQamYSxzajuwVh38fkj7BWjhG7xZjWyUnFYENeI-A3Bx8t4hu4MWYZf-b-yivN_alcgTXhEplZM96L3okPAtRYR0iljvwTlJOXONsQgC3-S-2wxsMWPKz-R68zT-DLEUlJjTNZv5ZGBVD04iNH1n0cQl3kAWilWB-ifI-6aJhfkz9cl4M6PM_0f2qt4OPz99LNUEjKEujN35NeKlGpjt0aWPXJ-hS1QaqGp5OQOSBJmAqutrx9mFlxkRFMlRmAtGVLB7GmaxR6FJ0KIBKnO6QLbxQp80h535_xC9cez0uunI4duyDgL7Pz0BOILRSHCABacNbrfuLoGSYZ19spI-bW6kYG8ybvVeqNU9bMsy8gozlqpxfVUpGcqBjrEUgmDCWSuGBHyUEJx4Z-bxQvK42tilYoBYMAe1fwVUG-BsDmUTMY="
qq,Google Customer Reviews,info@sfy2.meggpost.com,Google Customer Reviews: Shopify App,2018-12-10,"⚡ A must have app for all serious E-Commerce Stores ⚡
http://sfy2.meggpost.com/index.php/campaigns/ds846lo70v676/track-url/vw2121h36a61a/a8ee37e6abe698a5869bf49110764c32f5a0017f
Shopify App - Google Customer Reviews
http://sfy2.meggpost.com/index.php/campaigns/ds846lo70v676/track-url/vw2121h36a61a/a8ee37e6abe698a5869bf49110764c32f5a0017f
Improve Your Store's Vistior to Customer
Conversion Rate
Google's Customer Reviews program has helped numerous stores skyrocket
the sales conversion by at least 30% over the previous conversion.
 
As time goes by more and more stores are incrementally increasing
their Google Rating Score. Please don't be left behind.
* Although it is difficult at the start to start from very less
number of reviews but it is very rewarding to your store as the
ratings increase.
* Google's Customer Reviews provides the rating badge that increases
the trust of site's visitors over your store. This directly results
in increased conversions.
* Sites with Google Customer Reviews badge have reported a increase
in conversion by at least 30% over their previous conversion rate.
* Our Google Customer Review app provides an easy interface for your
Shopify site to display opt-in to your customer at the Order Thank You
page and rating badge across the site.
Google Customer Reviews Shopify App →
http://sfy2.meggpost.com/index.php/campaigns/ds846lo70v676/track-url/vw2121h36a61a/a8ee37e6abe698a5869bf49110764c32f5a0017f
      Unsubscribe
http://sfy2.meggpost.com/index.php/campaigns/ds846lo70v676/track-url/vw2121h36a61a/71b7b03444fff07602f48f11e59360e91dae8708
"
qq,Shopify Festival Decorations,info@bc3.meggpost.com,Festival Decorations: Free Shopify App,2018-12-05,"â¤ï¸ Christmas, Valentine, and Halloween Decorations â¤ï¸ for
your Shopify Shop
Festival Decorations for Shopify
http://bc3.meggpost.com/index.php/campaigns/xn914ohbjs367/track-url/vw2121h36a61a/685dd320c81a3e1d3434d12bead1c978131963d3
http://bc3.meggpost.com/index.php/campaigns/xn914ohbjs367/track-url/vw2121h36a61a/685dd320c81a3e1d3434d12bead1c978131963d3
Â
Hi,
Greetings.
I am pleased to let you know that we have launched a Free Shopify App
for creating Festival Decorations in Shopify Stores.
I hope you can try our app and beautifully decorate your store for
any festival seasons like Christmas, Black Friday, Halloween, New
Year, etc.
Festival Decorations: Free Shopify App
http://bc3.meggpost.com/index.php/campaigns/xn914ohbjs367/track-url/vw2121h36a61a/685dd320c81a3e1d3434d12bead1c978131963d3
If you do not want to receive our email again, click to unsubscribe
http://bc3.meggpost.com/index.php/campaigns/xn914ohbjs367/track-url/vw2121h36a61a/9c09120ef2217133c639dbe08eb5fdabe06d8711.
"
qq,"SEOMERCE, LLC",support@seomerce.com,How Does A Shopify Store Attract 100's of New Sales Per Day?​,2018-12-01,"How Does A Shopify Store Attract 100's of New Sales Per Day?​

How Does A Shopify Store Attract 100's of New Sales Per Day?​

Are you wondering how you can get 100’s of new sales & visitors, and skyrocket the number of customers you make from your Shopify store?

One of our long-time clients, Barista Swag does exactly that by working with SEOMERCE. In fact, Barista Swag has seen a 306% increase in https://seomerce.com/shopify-seo-experts/#pricing visitors and 896% increase in sales from SEO in only a few short months. https://seomerce.com/shopify-seo-experts/#pricing

Don’t take our word! Here's a challenge, do a quick Google search, you’ll find Barista Swag ranking in the top spots for milk pitcher #. https://seomerce.com/shopify-seo-experts/  https://seomerce.com/shopify-seo-experts/#pricingawesome keychains https://seomerce.com/shopify-seo-experts/,  https://seomerce.com/shopify-seo-experts/#pricingmilk steaming pitcher https://seomerce.com/shopify-seo-experts/,  https://seomerce.com/shopify-seo-experts/#pricinglatte art pitcher https://seomerce.com/shopify-seo-experts/,  https://seomerce.com/shopify-seo-experts/#pricingbarista gear https://seomerce.com/shopify-seo-experts/

And thousands of sales-driven keywords… Netting over 40,000 searches and 1,000’s of visitors to their Shopify store every single month without fail in the USA alone. Over the last while, we’ve done similar work, and we’ve achieved similar results for 100’s of clients worldwide. https://seomerce.com/shopify-seo-experts/ Here are a few of the recent clients we've helped;

Learn how we can 2x your Search Traffic & Sales with a FREE SEO Audit & Roadmap. We will identify your current SEO issues and how we can help you grow.

FREE SEO ROADMAP https://seomerce.com/shopify-seo-experts/

If you are not interested, please unsubscribe below. This is an advertisement from SEOMERCE, LLC and complies with ICAN Laws.

SEOMERCE, LLC

6428 Buist Avenue, Philadelphia, PA 19142 

Unsubscribe https://u8407807.ct.sendgrid.net/asm/unsubscribe/global/?user_id=8407807&data=QPjHrWFBXyIurEuNVICFLqk48_OHWBCQMJXDPdsj79hMsYZyAX_Ci9h9zPcFi7iUrUR39rR2zOoYBklY2WiEn1i9-6ALmMsEFFquXA_6-oR-Ue4ysWLpnGvDt-86rtWjraws7TBTkiX34NPTNsFu6jbZtr0d-HdLe_HXknwoOGlCWAuHn4VrQU8OuGp-AgpZ54SEylG7oY6jN-lhEBF4kBPEd49cbAbrcFLxz44jpw8JGfO5zgT8GXujAfLa1cV6Jnxn3mqyY-Evfzv0-Po0VFWOf9EMD8AMXE6e7fguoh5eqMTVlSyyCuezBSPEZEAnl_v-cwqB-wldQMYVBQVfg-GkGwT8pxhMMBjhaKRdZhZnb0yNu1691Np6PTnH-QiulxuJiA1SI6Cc4gul2njstnJAb44ckLvk0wY0ECao79l5SYZJQjR3yLotqZiNslRXDO_AA3oHbEX7IpC4226oq3J-EQ-O_XLFoPE56tuJk1kd2Wefl2lgceXUa7jgnylqSfJ4O7zx7eg0U126I8BW4Zx5d66CKiLHK2kkbLkho24oAV1NqcP3u2aW8V7pU_AniHL5818V3ooZQIlVT87rMvNzB9Q5ZKoZg9Zv1fRZwk5gm8AxHq--Yt6ZpH0JVEVs2kcnAPbynRMfWbMev4pMcA== - Unsubscribe Preferences https://u8407807.ct.sendgrid.net/asm/?user_id=8407807&data=XOI_H9iNm1e1o8frkpIGzCdfQOtOc6OQs1nUoL2aygf2L21aEN1Lua9P8vINIHRP8S1qPd92e_Xb44NzzlbMKvglFrPCT33IYsEtN5ZR5PtF9gGx0Kwed-ovorPvhSu4VJYOhkGbS9XebSsEm_NQrzf3_gvc9udUQIypQTl_bNDcxuU86GwWXXSV400adOxNLBjCjiY6OIRaIzvSCn0h1RIbDYlbu5Tqs8fvTd8EYixlX3n_tvPIR_-GVEGk8Q01cxdkFO4Ati9dSPTuhLhqW8F4e0oZrL5SPqBzgxkfPbyARaND5cLznwLk-zSRWkp7TflOC0q_dwkow4r0-Kfwg6Tgwk0jRDGKBrVB_elnAhILrGxUOqCyv6naZL9oPD5rws4SWpl3cbHLI2MC2WCxAJJZsAUcfCJGotk3yhINZxBB6afojSK1FaylxHwyIFe5WNRe3O_Gnu53peSjZZ-or-E3QDc-0C6hramUJgoUZ4mloVnDqqAG77fGXlqGLfQo3L8dPq5Hd3WW_yVusTfuCGXM118OVb0eYM0XpMwO294iWiVomfgXEd8oRPUcpuPXtz6oBSjizfCho00ue_2UZfvUVLyFO_SRTCWvcYtCVbKQSYu49xi5DNtl4UzD5AFe"
qq,Google Customer Reviews,info@sfy2.meggpost.com,Google Customer Reviews: Shopify App,2018-11-29,"⚡ A must have app for all serious E-Commerce Stores ⚡
http://sfy2.meggpost.com/index.php/campaigns/qe605lqvw6462/track-url/vw2121h36a61a/ff75c4796feebc8d14fdc3335ab0aa404cffa792
Shopify App - Google Customer Reviews
http://sfy2.meggpost.com/index.php/campaigns/qe605lqvw6462/track-url/vw2121h36a61a/ff75c4796feebc8d14fdc3335ab0aa404cffa792
Improve your Click Through Rate from
Google Search Results Page
Google's Customer Reviews program has helped numerous stores skyrocket
the sales conversion by at least 30% over the previous conversion.
 
As time goes by more and more stores are incrementally increasing
their Google Rating Score. Please don't be left behind.
* Although it is difficult at the start to start from very less
number of reviews but it is very rewarding to your store as the
ratings increase.
* Google's Customer Reviews provides the rating badge that increases
the trust of site's visitors over your store. This directly results
in increased conversions.
* Google will send emails to your buyers to collect their feedback
and ratings.
* Our App will take care of Integrating your Store with the Google
Customer Review program.
* Seller ratings appear on Search Ads, in Google Shopping, and
Organic Search Results Page.
* Sites with these 5 star based ratings for sure will have a Higher
CTR than those sites without them.
* An optional badge that can be displayed on your site.
* Our Google Customer Review app provides an easy interface for your
Shopify site to display opt-in to your customer at the Order Thank You
page and rating badge across the site.
Google Customer Reviews Shopify App →
http://sfy2.meggpost.com/index.php/campaigns/qe605lqvw6462/track-url/vw2121h36a61a/ff75c4796feebc8d14fdc3335ab0aa404cffa792
      Unsubscribe
http://sfy2.meggpost.com/index.php/campaigns/qe605lqvw6462/track-url/vw2121h36a61a/8cb9123485c4865c59ceb031d525bc5e03000ea8
"
qq,"SEOMERCE, LLC",support@seomerce.com,How Does A Shopify Store Attract 100's of New Sales Per Day?​,2018-11-27,"How Does A Shopify Store Attract 100's of New Sales Per Day?​

How Does A Shopify Store Attract 100's of New Sales Per Day?​

Are you wondering how you can get 100’s of new sales & visitors, and skyrocket the number of customers you make from your Shopify store?

One of our long-time clients, Barista Swag does exactly that by working with SEOMERCE. In fact, Barista Swag has seen a 306% increase in https://seomerce.com/shopify-seo-experts/#pricing visitors and 896% increase in sales from SEO in only a few short months. https://seomerce.com/shopify-seo-experts/#pricing

Don’t take our word! Here's a challenge, do a quick Google search, you’ll find Barista Swag ranking in the top spots for milk pitcher #. https://seomerce.com/shopify-seo-experts/  https://seomerce.com/shopify-seo-experts/#pricingawesome keychains https://seomerce.com/shopify-seo-experts/,  https://seomerce.com/shopify-seo-experts/#pricingmilk steaming pitcher https://seomerce.com/shopify-seo-experts/,  https://seomerce.com/shopify-seo-experts/#pricinglatte art pitcher https://seomerce.com/shopify-seo-experts/,  https://seomerce.com/shopify-seo-experts/#pricingbarista gear https://seomerce.com/shopify-seo-experts/

And thousands of sales-driven keywords… Netting over 40,000 searches and 1,000’s of visitors to their Shopify store every single month without fail in the USA alone. Over the last while, we’ve done similar work, and we’ve achieved similar results for 100’s of clients worldwide. https://seomerce.com/shopify-seo-experts/ Here are a few of the recent clients we've helped;

Learn how we can 2x your Search Traffic & Sales with a FREE SEO Audit & Roadmap. We will identify your current SEO issues and how we can help you grow.

FREE SEO ROADMAP https://seomerce.com/shopify-seo-experts/

If you are not interested, please unsubscribe below. This is an advertisement from SEOMERCE, LLC and complies with ICAN Laws.

SEOMERCE, LLC

6428 Buist Avenue, Philadelphia, PA 19142 

Unsubscribe https://u8407807.ct.sendgrid.net/asm/unsubscribe/global/?user_id=8407807&data=yxLXHQlzcsRae3CZVX2t-5w9GIO77B9Lyo3Eo4bknlP2E6cqOecPSLZYFedgKvCRv1EEKcw5HT_c_aB_97FWXUt7DIyFYRj9DhZ4UCEaiZIzyYUGslqjZ3zeU62vHEi-sWTptXS-gqwsixjPWEIy0BqIYpPxbWD5wgSAvKHw3fVfw8WgPFeFLYhua3UZUv3NxwEelG2ARtcmqZ6xV-n7FOm4EQYv10zFQE88iQeA7GehUb5s3luqfffr7hAh9iYqvceLeyLAActsRVP27bpMzkh-UrvEE391-8KBug77bzkqk-_NYf8eK8MRjrxkWrolnN4bWctvYvpifj86jWUAUjAVPADMtWUYfka5t4xNeQ3L9bz6NnhJlcMaqHWGZhec17u7dmEIP-XDmnb1PXZoiX4uFvfaYSs9dnM70PvT2MvbSn1tKsAzMvUoKnMKqfOIkAuzGUBR61yDmI4z_Y_H9SEx0I7c3-WTQZktxzko6DYJbPxMGbenJIM0xYJqdOt_c_jHPBTjNwmIi_9dYglftz_CAApOJG_Z929Ln7MYYKQkqtFG_97fgPHe-vgS5L5CqoL3OKC3Wmo-ZvSmMxHUHQ== - Unsubscribe Preferences https://u8407807.ct.sendgrid.net/asm/?user_id=8407807&data=82xfOM09T7QBAe_0_8zGRd1Grt8VS_B04sWQ2AB3Clnh5UtSHmwpTzzmjAYZESTQmXJtf9WZTYZJiPBQ4EeXbsMZeBRJO9Ml0iEwC65CvYLExOY2CTzc7RcUxPkNQ0iopDCq-mvZsal43DeNlrlPMsq56AacjgsOOXdt4M8Uwc8NmbOf_WFoUkebkAkzLOKZ5M9JqEeHm0P2V3KCQPKnXFjpNKMngawKgBkytyWTorc3P_d2jeNGD6DsVixxhOgR4avAlXnBjYtJ0B0pTbAakqf9fdzNtv7Fshj7dliqHjzXaqzGV_nYfd7KRjlYeHNhzY4O7JXpsD5KU6G-WauGe9zs3I-1UARdugrCuepxQl27yv1y4EIEy0Nn3E08TKmhDf3Y8O5etKSKvjSC80bslwj2Yh_gwPDftafDz7215nabWW1cJiVmS_kD4P9saWYOingUcpXNC-U38SoqGjsVbYiFsx2bFsVYALW9_02qsJfg4l57opkgoVZhvtH01VBj5CsUPoOhJanPesdI-iJ4CFa3PMTpqlXdgnu0vbPf7bxTx92jemw5BPvcyZLDmn28"
qq,Eddie from AdScale,ecom-support@adscale.com,How to Outsmart your Competition on this Black Friday,2018-11-18,
qq,Eddie from AdScale,ecom-support@adscale.com,What's the Shopify Merchants Secret to Black🖤Friday 2018 Success? ,2018-11-15,
qq,service@ipaylinks.com,service@ipaylinks.com,企业会员激活通知,2018-08-31,
qq,腾讯企业邮箱,10000@qq.com,欢迎使用腾讯企业邮箱,2018-08-28,
